"","Year","State","StateName","value","measure"
"1",2010,1,"Alabama",18.9,"All Ages in Poverty (%)"
"2",2009,1,"Alabama",17.5,"All Ages in Poverty (%)"
"3",2008,1,"Alabama",15.9,"All Ages in Poverty (%)"
"4",2007,1,"Alabama",16.6,"All Ages in Poverty (%)"
"5",2006,1,"Alabama",16.6,"All Ages in Poverty (%)"
"6",2005,1,"Alabama",16.9,"All Ages in Poverty (%)"
"7",2004,1,"Alabama",16.1,"All Ages in Poverty (%)"
"8",2003,1,"Alabama",15.3,"All Ages in Poverty (%)"
"9",2002,1,"Alabama",15.4,"All Ages in Poverty (%)"
"10",2001,1,"Alabama",15.7,"All Ages in Poverty (%)"
"11",2000,1,"Alabama",14.6,"All Ages in Poverty (%)"
"12",1999,1,"Alabama",15.3,"All Ages in Poverty (%)"
"13",1998,1,"Alabama",15.7,"All Ages in Poverty (%)"
"14",1997,1,"Alabama",16.2,"All Ages in Poverty (%)"
"15",1996,1,"Alabama",16.7,"All Ages in Poverty (%)"
"16",1995,1,"Alabama",17.6,"All Ages in Poverty (%)"
"17",1993,1,"Alabama",18.8,"All Ages in Poverty (%)"
"18",1989,1,"Alabama",17.7,"All Ages in Poverty (%)"
"19",2010,2,"Alaska",11,"All Ages in Poverty (%)"
"20",2009,2,"Alaska",9.1,"All Ages in Poverty (%)"
"21",2008,2,"Alaska",9.2,"All Ages in Poverty (%)"
"22",2007,2,"Alaska",9.8,"All Ages in Poverty (%)"
"23",2006,2,"Alaska",10.9,"All Ages in Poverty (%)"
"24",2005,2,"Alaska",10.8,"All Ages in Poverty (%)"
"25",2004,2,"Alaska",10,"All Ages in Poverty (%)"
"26",2003,2,"Alaska",9.8,"All Ages in Poverty (%)"
"27",2002,2,"Alaska",9.3,"All Ages in Poverty (%)"
"28",2001,2,"Alaska",8.7,"All Ages in Poverty (%)"
"29",2000,2,"Alaska",8.5,"All Ages in Poverty (%)"
"30",1999,2,"Alaska",8.8,"All Ages in Poverty (%)"
"31",1998,2,"Alaska",10.8,"All Ages in Poverty (%)"
"32",1997,2,"Alaska",11.2,"All Ages in Poverty (%)"
"33",1996,2,"Alaska",10.6,"All Ages in Poverty (%)"
"34",1995,2,"Alaska",10.1,"All Ages in Poverty (%)"
"35",1993,2,"Alaska",11.2,"All Ages in Poverty (%)"
"36",1989,2,"Alaska",10.6,"All Ages in Poverty (%)"
"37",2010,4,"Arizona",17.6,"All Ages in Poverty (%)"
"38",2009,4,"Arizona",16.5,"All Ages in Poverty (%)"
"39",2008,4,"Arizona",14.7,"All Ages in Poverty (%)"
"40",2007,4,"Arizona",14.1,"All Ages in Poverty (%)"
"41",2006,4,"Arizona",14.2,"All Ages in Poverty (%)"
"42",2005,4,"Arizona",14.4,"All Ages in Poverty (%)"
"43",2004,4,"Arizona",14.6,"All Ages in Poverty (%)"
"44",2003,4,"Arizona",13.9,"All Ages in Poverty (%)"
"45",2002,4,"Arizona",13.6,"All Ages in Poverty (%)"
"46",2001,4,"Arizona",13.2,"All Ages in Poverty (%)"
"47",2000,4,"Arizona",12.5,"All Ages in Poverty (%)"
"48",1999,4,"Arizona",12.8,"All Ages in Poverty (%)"
"49",1998,4,"Arizona",14.9,"All Ages in Poverty (%)"
"50",1997,4,"Arizona",15.5,"All Ages in Poverty (%)"
"51",1996,4,"Arizona",16.3,"All Ages in Poverty (%)"
"52",1995,4,"Arizona",16.3,"All Ages in Poverty (%)"
"53",1993,4,"Arizona",18.5,"All Ages in Poverty (%)"
"54",1989,4,"Arizona",14.7,"All Ages in Poverty (%)"
"55",2010,5,"Arkansas",18.7,"All Ages in Poverty (%)"
"56",2009,5,"Arkansas",18.5,"All Ages in Poverty (%)"
"57",2008,5,"Arkansas",17.3,"All Ages in Poverty (%)"
"58",2007,5,"Arkansas",17.6,"All Ages in Poverty (%)"
"59",2006,5,"Arkansas",17.3,"All Ages in Poverty (%)"
"60",2005,5,"Arkansas",17.2,"All Ages in Poverty (%)"
"61",2004,5,"Arkansas",15.6,"All Ages in Poverty (%)"
"62",2003,5,"Arkansas",16,"All Ages in Poverty (%)"
"63",2002,5,"Arkansas",16.3,"All Ages in Poverty (%)"
"64",2001,5,"Arkansas",15.9,"All Ages in Poverty (%)"
"65",2000,5,"Arkansas",15,"All Ages in Poverty (%)"
"66",1999,5,"Arkansas",15.1,"All Ages in Poverty (%)"
"67",1998,5,"Arkansas",16.4,"All Ages in Poverty (%)"
"68",1997,5,"Arkansas",17.5,"All Ages in Poverty (%)"
"69",1996,5,"Arkansas",17.6,"All Ages in Poverty (%)"
"70",1995,5,"Arkansas",18.2,"All Ages in Poverty (%)"
"71",1993,5,"Arkansas",18.9,"All Ages in Poverty (%)"
"72",1989,5,"Arkansas",17.9,"All Ages in Poverty (%)"
"73",2010,6,"California",15.8,"All Ages in Poverty (%)"
"74",2009,6,"California",14.2,"All Ages in Poverty (%)"
"75",2008,6,"California",13.3,"All Ages in Poverty (%)"
"76",2007,6,"California",12.4,"All Ages in Poverty (%)"
"77",2006,6,"California",13.1,"All Ages in Poverty (%)"
"78",2005,6,"California",13.3,"All Ages in Poverty (%)"
"79",2004,6,"California",13.2,"All Ages in Poverty (%)"
"80",2003,6,"California",13.7,"All Ages in Poverty (%)"
"81",2002,6,"California",13.3,"All Ages in Poverty (%)"
"82",2001,6,"California",12.9,"All Ages in Poverty (%)"
"83",2000,6,"California",12.7,"All Ages in Poverty (%)"
"84",1999,6,"California",13.7,"All Ages in Poverty (%)"
"85",1998,6,"California",14.9,"All Ages in Poverty (%)"
"86",1997,6,"California",16,"All Ages in Poverty (%)"
"87",1996,6,"California",16.7,"All Ages in Poverty (%)"
"88",1995,6,"California",16.5,"All Ages in Poverty (%)"
"89",1993,6,"California",17.4,"All Ages in Poverty (%)"
"90",1989,6,"California",12.7,"All Ages in Poverty (%)"
"91",2010,8,"Colorado",13.2,"All Ages in Poverty (%)"
"92",2009,8,"Colorado",12.6,"All Ages in Poverty (%)"
"93",2008,8,"Colorado",11.2,"All Ages in Poverty (%)"
"94",2007,8,"Colorado",11.5,"All Ages in Poverty (%)"
"95",2006,8,"Colorado",11.6,"All Ages in Poverty (%)"
"96",2005,8,"Colorado",10.9,"All Ages in Poverty (%)"
"97",2004,8,"Colorado",10.2,"All Ages in Poverty (%)"
"98",2003,8,"Colorado",10,"All Ages in Poverty (%)"
"99",2002,8,"Colorado",9.5,"All Ages in Poverty (%)"
"100",2001,8,"Colorado",8.7,"All Ages in Poverty (%)"
"101",2000,8,"Colorado",8.9,"All Ages in Poverty (%)"
"102",1999,8,"Colorado",8.9,"All Ages in Poverty (%)"
"103",1998,8,"Colorado",9.9,"All Ages in Poverty (%)"
"104",1997,8,"Colorado",10.2,"All Ages in Poverty (%)"
"105",1996,8,"Colorado",10.5,"All Ages in Poverty (%)"
"106",1995,8,"Colorado",10.4,"All Ages in Poverty (%)"
"107",1993,8,"Colorado",11.7,"All Ages in Poverty (%)"
"108",1989,8,"Colorado",11.7,"All Ages in Poverty (%)"
"109",2010,9,"Connecticut",10.1,"All Ages in Poverty (%)"
"110",2009,9,"Connecticut",9.3,"All Ages in Poverty (%)"
"111",2008,9,"Connecticut",9.1,"All Ages in Poverty (%)"
"112",2007,9,"Connecticut",7.9,"All Ages in Poverty (%)"
"113",2006,9,"Connecticut",8.3,"All Ages in Poverty (%)"
"114",2005,9,"Connecticut",8.3,"All Ages in Poverty (%)"
"115",2004,9,"Connecticut",9.1,"All Ages in Poverty (%)"
"116",2003,9,"Connecticut",8,"All Ages in Poverty (%)"
"117",2002,9,"Connecticut",7.8,"All Ages in Poverty (%)"
"118",2001,9,"Connecticut",7.1,"All Ages in Poverty (%)"
"119",2000,9,"Connecticut",7.3,"All Ages in Poverty (%)"
"120",1999,9,"Connecticut",7.5,"All Ages in Poverty (%)"
"121",1998,9,"Connecticut",8.7,"All Ages in Poverty (%)"
"122",1997,9,"Connecticut",8.9,"All Ages in Poverty (%)"
"123",1996,9,"Connecticut",9,"All Ages in Poverty (%)"
"124",1995,9,"Connecticut",8.3,"All Ages in Poverty (%)"
"125",1993,9,"Connecticut",9.2,"All Ages in Poverty (%)"
"126",1989,9,"Connecticut",7,"All Ages in Poverty (%)"
"127",2010,10,"Delaware",11.9,"All Ages in Poverty (%)"
"128",2009,10,"Delaware",11.2,"All Ages in Poverty (%)"
"129",2008,10,"Delaware",10.3,"All Ages in Poverty (%)"
"130",2007,10,"Delaware",10.3,"All Ages in Poverty (%)"
"131",2006,10,"Delaware",10.7,"All Ages in Poverty (%)"
"132",2005,10,"Delaware",10.3,"All Ages in Poverty (%)"
"133",2004,10,"Delaware",9.6,"All Ages in Poverty (%)"
"134",2003,10,"Delaware",9,"All Ages in Poverty (%)"
"135",2002,10,"Delaware",9.3,"All Ages in Poverty (%)"
"136",2001,10,"Delaware",8.4,"All Ages in Poverty (%)"
"137",2000,10,"Delaware",8.7,"All Ages in Poverty (%)"
"138",1999,10,"Delaware",9.4,"All Ages in Poverty (%)"
"139",1998,10,"Delaware",9.7,"All Ages in Poverty (%)"
"140",1997,10,"Delaware",10,"All Ages in Poverty (%)"
"141",1996,10,"Delaware",9.8,"All Ages in Poverty (%)"
"142",1995,10,"Delaware",9.7,"All Ages in Poverty (%)"
"143",1993,10,"Delaware",11.1,"All Ages in Poverty (%)"
"144",1989,10,"Delaware",9.4,"All Ages in Poverty (%)"
"145",2010,11,"District of Columbia",18.8,"All Ages in Poverty (%)"
"146",2009,11,"District of Columbia",17.6,"All Ages in Poverty (%)"
"147",2008,11,"District of Columbia",16.9,"All Ages in Poverty (%)"
"148",2007,11,"District of Columbia",17.1,"All Ages in Poverty (%)"
"149",2006,11,"District of Columbia",18.1,"All Ages in Poverty (%)"
"150",2005,11,"District of Columbia",18.3,"All Ages in Poverty (%)"
"151",2004,11,"District of Columbia",18.3,"All Ages in Poverty (%)"
"152",2003,11,"District of Columbia",17.5,"All Ages in Poverty (%)"
"153",2002,11,"District of Columbia",17.2,"All Ages in Poverty (%)"
"154",2001,11,"District of Columbia",17.5,"All Ages in Poverty (%)"
"155",2000,11,"District of Columbia",16.3,"All Ages in Poverty (%)"
"156",1999,11,"District of Columbia",17.3,"All Ages in Poverty (%)"
"157",1998,11,"District of Columbia",18.2,"All Ages in Poverty (%)"
"158",1997,11,"District of Columbia",19.3,"All Ages in Poverty (%)"
"159",1996,11,"District of Columbia",21.9,"All Ages in Poverty (%)"
"160",1995,11,"District of Columbia",20.8,"All Ages in Poverty (%)"
"161",1993,11,"District of Columbia",20.4,"All Ages in Poverty (%)"
"162",1989,11,"District of Columbia",15,"All Ages in Poverty (%)"
"163",2010,12,"Florida",16.5,"All Ages in Poverty (%)"
"164",2009,12,"Florida",15,"All Ages in Poverty (%)"
"165",2008,12,"Florida",13.3,"All Ages in Poverty (%)"
"166",2007,12,"Florida",12.1,"All Ages in Poverty (%)"
"167",2006,12,"Florida",12.6,"All Ages in Poverty (%)"
"168",2005,12,"Florida",12.8,"All Ages in Poverty (%)"
"169",2004,12,"Florida",11.9,"All Ages in Poverty (%)"
"170",2003,12,"Florida",13,"All Ages in Poverty (%)"
"171",2002,12,"Florida",12.8,"All Ages in Poverty (%)"
"172",2001,12,"Florida",12.6,"All Ages in Poverty (%)"
"173",2000,12,"Florida",11.7,"All Ages in Poverty (%)"
"174",1999,12,"Florida",12.4,"All Ages in Poverty (%)"
"175",1998,12,"Florida",13.6,"All Ages in Poverty (%)"
"176",1997,12,"Florida",14.4,"All Ages in Poverty (%)"
"177",1996,12,"Florida",14.2,"All Ages in Poverty (%)"
"178",1995,12,"Florida",15.2,"All Ages in Poverty (%)"
"179",1993,12,"Florida",16,"All Ages in Poverty (%)"
"180",1989,12,"Florida",12.9,"All Ages in Poverty (%)"
"181",2010,13,"Georgia",18,"All Ages in Poverty (%)"
"182",2009,13,"Georgia",16.6,"All Ages in Poverty (%)"
"183",2008,13,"Georgia",14.7,"All Ages in Poverty (%)"
"184",2007,13,"Georgia",14.3,"All Ages in Poverty (%)"
"185",2006,13,"Georgia",14.8,"All Ages in Poverty (%)"
"186",2005,13,"Georgia",14.5,"All Ages in Poverty (%)"
"187",2004,13,"Georgia",13.7,"All Ages in Poverty (%)"
"188",2003,13,"Georgia",13.4,"All Ages in Poverty (%)"
"189",2002,13,"Georgia",13,"All Ages in Poverty (%)"
"190",2001,13,"Georgia",12.7,"All Ages in Poverty (%)"
"191",2000,13,"Georgia",12.3,"All Ages in Poverty (%)"
"192",1999,13,"Georgia",12.7,"All Ages in Poverty (%)"
"193",1998,13,"Georgia",14.1,"All Ages in Poverty (%)"
"194",1997,13,"Georgia",14.7,"All Ages in Poverty (%)"
"195",1996,13,"Georgia",15.3,"All Ages in Poverty (%)"
"196",1995,13,"Georgia",15.6,"All Ages in Poverty (%)"
"197",1993,13,"Georgia",16.8,"All Ages in Poverty (%)"
"198",1989,13,"Georgia",14.9,"All Ages in Poverty (%)"
"199",2010,15,"Hawaii",11.1,"All Ages in Poverty (%)"
"200",2009,15,"Hawaii",10.4,"All Ages in Poverty (%)"
"201",2008,15,"Hawaii",9.3,"All Ages in Poverty (%)"
"202",2007,15,"Hawaii",8.5,"All Ages in Poverty (%)"
"203",2006,15,"Hawaii",9.4,"All Ages in Poverty (%)"
"204",2005,15,"Hawaii",9.9,"All Ages in Poverty (%)"
"205",2004,15,"Hawaii",9,"All Ages in Poverty (%)"
"206",2003,15,"Hawaii",10.8,"All Ages in Poverty (%)"
"207",2002,15,"Hawaii",11,"All Ages in Poverty (%)"
"208",2001,15,"Hawaii",10.4,"All Ages in Poverty (%)"
"209",2000,15,"Hawaii",9.9,"All Ages in Poverty (%)"
"210",1999,15,"Hawaii",10.5,"All Ages in Poverty (%)"
"211",1998,15,"Hawaii",10.5,"All Ages in Poverty (%)"
"212",1997,15,"Hawaii",11.1,"All Ages in Poverty (%)"
"213",1996,15,"Hawaii",11.7,"All Ages in Poverty (%)"
"214",1995,15,"Hawaii",9.9,"All Ages in Poverty (%)"
"215",1993,15,"Hawaii",9.6,"All Ages in Poverty (%)"
"216",1989,15,"Hawaii",9.4,"All Ages in Poverty (%)"
"217",2010,16,"Idaho",15.8,"All Ages in Poverty (%)"
"218",2009,16,"Idaho",14.4,"All Ages in Poverty (%)"
"219",2008,16,"Idaho",12.5,"All Ages in Poverty (%)"
"220",2007,16,"Idaho",12.1,"All Ages in Poverty (%)"
"221",2006,16,"Idaho",12.8,"All Ages in Poverty (%)"
"222",2005,16,"Idaho",13.4,"All Ages in Poverty (%)"
"223",2004,16,"Idaho",11.5,"All Ages in Poverty (%)"
"224",2003,16,"Idaho",11.7,"All Ages in Poverty (%)"
"225",2002,16,"Idaho",11.7,"All Ages in Poverty (%)"
"226",2001,16,"Idaho",11.5,"All Ages in Poverty (%)"
"227",2000,16,"Idaho",11.2,"All Ages in Poverty (%)"
"228",1999,16,"Idaho",12.1,"All Ages in Poverty (%)"
"229",1998,16,"Idaho",12.6,"All Ages in Poverty (%)"
"230",1997,16,"Idaho",13,"All Ages in Poverty (%)"
"231",1996,16,"Idaho",11.9,"All Ages in Poverty (%)"
"232",1995,16,"Idaho",12.6,"All Ages in Poverty (%)"
"233",1993,16,"Idaho",12.5,"All Ages in Poverty (%)"
"234",1989,16,"Idaho",13.5,"All Ages in Poverty (%)"
"235",2010,17,"Illinois",13.8,"All Ages in Poverty (%)"
"236",2009,17,"Illinois",13.3,"All Ages in Poverty (%)"
"237",2008,17,"Illinois",12.2,"All Ages in Poverty (%)"
"238",2007,17,"Illinois",11.9,"All Ages in Poverty (%)"
"239",2006,17,"Illinois",12.3,"All Ages in Poverty (%)"
"240",2005,17,"Illinois",12,"All Ages in Poverty (%)"
"241",2004,17,"Illinois",11.9,"All Ages in Poverty (%)"
"242",2003,17,"Illinois",11.4,"All Ages in Poverty (%)"
"243",2002,17,"Illinois",11.3,"All Ages in Poverty (%)"
"244",2001,17,"Illinois",10.1,"All Ages in Poverty (%)"
"245",2000,17,"Illinois",10,"All Ages in Poverty (%)"
"246",1999,17,"Illinois",10.1,"All Ages in Poverty (%)"
"247",1998,17,"Illinois",10.6,"All Ages in Poverty (%)"
"248",1997,17,"Illinois",11.3,"All Ages in Poverty (%)"
"249",1996,17,"Illinois",12,"All Ages in Poverty (%)"
"250",1995,17,"Illinois",11.3,"All Ages in Poverty (%)"
"251",1993,17,"Illinois",13.4,"All Ages in Poverty (%)"
"252",1989,17,"Illinois",11.9,"All Ages in Poverty (%)"
"253",2010,18,"Indiana",15.3,"All Ages in Poverty (%)"
"254",2009,18,"Indiana",14.4,"All Ages in Poverty (%)"
"255",2008,18,"Indiana",12.9,"All Ages in Poverty (%)"
"256",2007,18,"Indiana",12.3,"All Ages in Poverty (%)"
"257",2006,18,"Indiana",12.5,"All Ages in Poverty (%)"
"258",2005,18,"Indiana",12.2,"All Ages in Poverty (%)"
"259",2004,18,"Indiana",11.1,"All Ages in Poverty (%)"
"260",2003,18,"Indiana",10,"All Ages in Poverty (%)"
"261",2002,18,"Indiana",9.6,"All Ages in Poverty (%)"
"262",2001,18,"Indiana",9,"All Ages in Poverty (%)"
"263",2000,18,"Indiana",8.8,"All Ages in Poverty (%)"
"264",1999,18,"Indiana",8.7,"All Ages in Poverty (%)"
"265",1998,18,"Indiana",10,"All Ages in Poverty (%)"
"266",1997,18,"Indiana",9.9,"All Ages in Poverty (%)"
"267",1996,18,"Indiana",9.3,"All Ages in Poverty (%)"
"268",1995,18,"Indiana",9.8,"All Ages in Poverty (%)"
"269",1993,18,"Indiana",11.9,"All Ages in Poverty (%)"
"270",1989,18,"Indiana",10.3,"All Ages in Poverty (%)"
"271",2010,19,"Iowa",12.5,"All Ages in Poverty (%)"
"272",2009,19,"Iowa",11.8,"All Ages in Poverty (%)"
"273",2008,19,"Iowa",11.4,"All Ages in Poverty (%)"
"274",2007,19,"Iowa",11,"All Ages in Poverty (%)"
"275",2006,19,"Iowa",11,"All Ages in Poverty (%)"
"276",2005,19,"Iowa",10.8,"All Ages in Poverty (%)"
"277",2004,19,"Iowa",10.5,"All Ages in Poverty (%)"
"278",2003,19,"Iowa",9.1,"All Ages in Poverty (%)"
"279",2002,19,"Iowa",9.1,"All Ages in Poverty (%)"
"280",2001,19,"Iowa",8.2,"All Ages in Poverty (%)"
"281",2000,19,"Iowa",8.3,"All Ages in Poverty (%)"
"282",1999,19,"Iowa",8.5,"All Ages in Poverty (%)"
"283",1998,19,"Iowa",9.5,"All Ages in Poverty (%)"
"284",1997,19,"Iowa",9.9,"All Ages in Poverty (%)"
"285",1996,19,"Iowa",9.5,"All Ages in Poverty (%)"
"286",1995,19,"Iowa",9.8,"All Ages in Poverty (%)"
"287",1993,19,"Iowa",11.1,"All Ages in Poverty (%)"
"288",1989,19,"Iowa",10.4,"All Ages in Poverty (%)"
"289",2010,20,"Kansas",13.5,"All Ages in Poverty (%)"
"290",2009,20,"Kansas",13.2,"All Ages in Poverty (%)"
"291",2008,20,"Kansas",11.3,"All Ages in Poverty (%)"
"292",2007,20,"Kansas",11.2,"All Ages in Poverty (%)"
"293",2006,20,"Kansas",12.2,"All Ages in Poverty (%)"
"294",2005,20,"Kansas",11.7,"All Ages in Poverty (%)"
"295",2004,20,"Kansas",11.1,"All Ages in Poverty (%)"
"296",2003,20,"Kansas",10.4,"All Ages in Poverty (%)"
"297",2002,20,"Kansas",10,"All Ages in Poverty (%)"
"298",2001,20,"Kansas",9.5,"All Ages in Poverty (%)"
"299",2000,20,"Kansas",8.9,"All Ages in Poverty (%)"
"300",1999,20,"Kansas",10.2,"All Ages in Poverty (%)"
"301",1998,20,"Kansas",10.5,"All Ages in Poverty (%)"
"302",1997,20,"Kansas",10.9,"All Ages in Poverty (%)"
"303",1996,20,"Kansas",10.8,"All Ages in Poverty (%)"
"304",1995,20,"Kansas",11,"All Ages in Poverty (%)"
"305",1993,20,"Kansas",12.2,"All Ages in Poverty (%)"
"306",1989,20,"Kansas",10.8,"All Ages in Poverty (%)"
"307",2010,21,"Kentucky",18.9,"All Ages in Poverty (%)"
"308",2009,21,"Kentucky",18.4,"All Ages in Poverty (%)"
"309",2008,21,"Kentucky",17.3,"All Ages in Poverty (%)"
"310",2007,21,"Kentucky",17.2,"All Ages in Poverty (%)"
"311",2006,21,"Kentucky",17,"All Ages in Poverty (%)"
"312",2005,21,"Kentucky",16.9,"All Ages in Poverty (%)"
"313",2004,21,"Kentucky",16.3,"All Ages in Poverty (%)"
"314",2003,21,"Kentucky",15,"All Ages in Poverty (%)"
"315",2002,21,"Kentucky",14.8,"All Ages in Poverty (%)"
"316",2001,21,"Kentucky",14.7,"All Ages in Poverty (%)"
"317",2000,21,"Kentucky",13.9,"All Ages in Poverty (%)"
"318",1999,21,"Kentucky",14.3,"All Ages in Poverty (%)"
"319",1998,21,"Kentucky",15.3,"All Ages in Poverty (%)"
"320",1997,21,"Kentucky",16,"All Ages in Poverty (%)"
"321",1996,21,"Kentucky",17.5,"All Ages in Poverty (%)"
"322",1995,21,"Kentucky",17.9,"All Ages in Poverty (%)"
"323",1993,21,"Kentucky",19.7,"All Ages in Poverty (%)"
"324",1989,21,"Kentucky",17.2,"All Ages in Poverty (%)"
"325",2010,22,"Louisiana",18.8,"All Ages in Poverty (%)"
"326",2009,22,"Louisiana",17.6,"All Ages in Poverty (%)"
"327",2008,22,"Louisiana",17.6,"All Ages in Poverty (%)"
"328",2007,22,"Louisiana",18.8,"All Ages in Poverty (%)"
"329",2006,22,"Louisiana",19.4,"All Ages in Poverty (%)"
"330",2005,22,"Louisiana",20.2,"All Ages in Poverty (%)"
"331",2004,22,"Louisiana",19.2,"All Ages in Poverty (%)"
"332",2003,22,"Louisiana",18.1,"All Ages in Poverty (%)"
"333",2002,22,"Louisiana",18.1,"All Ages in Poverty (%)"
"334",2001,22,"Louisiana",18.3,"All Ages in Poverty (%)"
"335",2000,22,"Louisiana",17.3,"All Ages in Poverty (%)"
"336",1999,22,"Louisiana",18.3,"All Ages in Poverty (%)"
"337",1998,22,"Louisiana",18.2,"All Ages in Poverty (%)"
"338",1997,22,"Louisiana",18.4,"All Ages in Poverty (%)"
"339",1996,22,"Louisiana",20.7,"All Ages in Poverty (%)"
"340",1995,22,"Louisiana",21.2,"All Ages in Poverty (%)"
"341",1993,22,"Louisiana",23.9,"All Ages in Poverty (%)"
"342",1989,22,"Louisiana",22.4,"All Ages in Poverty (%)"
"343",2010,23,"Maine",13.1,"All Ages in Poverty (%)"
"344",2009,23,"Maine",12.6,"All Ages in Poverty (%)"
"345",2008,23,"Maine",12.6,"All Ages in Poverty (%)"
"346",2007,23,"Maine",12.2,"All Ages in Poverty (%)"
"347",2006,23,"Maine",12.7,"All Ages in Poverty (%)"
"348",2005,23,"Maine",12.3,"All Ages in Poverty (%)"
"349",2004,23,"Maine",11.5,"All Ages in Poverty (%)"
"350",2003,23,"Maine",10.7,"All Ages in Poverty (%)"
"351",2002,23,"Maine",11,"All Ages in Poverty (%)"
"352",2001,23,"Maine",10.2,"All Ages in Poverty (%)"
"353",2000,23,"Maine",9.9,"All Ages in Poverty (%)"
"354",1999,23,"Maine",10.6,"All Ages in Poverty (%)"
"355",1998,23,"Maine",10.3,"All Ages in Poverty (%)"
"356",1997,23,"Maine",10.7,"All Ages in Poverty (%)"
"357",1996,23,"Maine",12,"All Ages in Poverty (%)"
"358",1995,23,"Maine",12.3,"All Ages in Poverty (%)"
"359",1993,23,"Maine",13.7,"All Ages in Poverty (%)"
"360",1989,23,"Maine",10.7,"All Ages in Poverty (%)"
"361",2010,24,"Maryland",9.9,"All Ages in Poverty (%)"
"362",2009,24,"Maryland",9.2,"All Ages in Poverty (%)"
"363",2008,24,"Maryland",8.2,"All Ages in Poverty (%)"
"364",2007,24,"Maryland",8.3,"All Ages in Poverty (%)"
"365",2006,24,"Maryland",8,"All Ages in Poverty (%)"
"366",2005,24,"Maryland",8.3,"All Ages in Poverty (%)"
"367",2004,24,"Maryland",9.2,"All Ages in Poverty (%)"
"368",2003,24,"Maryland",8.8,"All Ages in Poverty (%)"
"369",2002,24,"Maryland",8.3,"All Ages in Poverty (%)"
"370",2001,24,"Maryland",7.7,"All Ages in Poverty (%)"
"371",2000,24,"Maryland",7.9,"All Ages in Poverty (%)"
"372",1999,24,"Maryland",8,"All Ages in Poverty (%)"
"373",1998,24,"Maryland",8.8,"All Ages in Poverty (%)"
"374",1997,24,"Maryland",9.5,"All Ages in Poverty (%)"
"375",1996,24,"Maryland",9.7,"All Ages in Poverty (%)"
"376",1995,24,"Maryland",9.2,"All Ages in Poverty (%)"
"377",1993,24,"Maryland",10.2,"All Ages in Poverty (%)"
"378",1989,24,"Maryland",9.3,"All Ages in Poverty (%)"
"379",2010,25,"Massachusetts",11.4,"All Ages in Poverty (%)"
"380",2009,25,"Massachusetts",10.3,"All Ages in Poverty (%)"
"381",2008,25,"Massachusetts",10.1,"All Ages in Poverty (%)"
"382",2007,25,"Massachusetts",10,"All Ages in Poverty (%)"
"383",2006,25,"Massachusetts",10,"All Ages in Poverty (%)"
"384",2005,25,"Massachusetts",10.3,"All Ages in Poverty (%)"
"385",2004,25,"Massachusetts",9.9,"All Ages in Poverty (%)"
"386",2003,25,"Massachusetts",9.5,"All Ages in Poverty (%)"
"387",2002,25,"Massachusetts",9,"All Ages in Poverty (%)"
"388",2001,25,"Massachusetts",8.2,"All Ages in Poverty (%)"
"389",2000,25,"Massachusetts",8.4,"All Ages in Poverty (%)"
"390",1999,25,"Massachusetts",9.7,"All Ages in Poverty (%)"
"391",1998,25,"Massachusetts",9,"All Ages in Poverty (%)"
"392",1997,25,"Massachusetts",10.7,"All Ages in Poverty (%)"
"393",1996,25,"Massachusetts",9.8,"All Ages in Poverty (%)"
"394",1995,25,"Massachusetts",9.7,"All Ages in Poverty (%)"
"395",1993,25,"Massachusetts",11.1,"All Ages in Poverty (%)"
"396",1989,25,"Massachusetts",8.4,"All Ages in Poverty (%)"
"397",2010,26,"Michigan",16.7,"All Ages in Poverty (%)"
"398",2009,26,"Michigan",16.1,"All Ages in Poverty (%)"
"399",2008,26,"Michigan",14.4,"All Ages in Poverty (%)"
"400",2007,26,"Michigan",13.9,"All Ages in Poverty (%)"
"401",2006,26,"Michigan",13.5,"All Ages in Poverty (%)"
"402",2005,26,"Michigan",13.1,"All Ages in Poverty (%)"
"403",2004,26,"Michigan",12.5,"All Ages in Poverty (%)"
"404",2003,26,"Michigan",11,"All Ages in Poverty (%)"
"405",2002,26,"Michigan",10.9,"All Ages in Poverty (%)"
"406",2001,26,"Michigan",9.8,"All Ages in Poverty (%)"
"407",2000,26,"Michigan",9.7,"All Ages in Poverty (%)"
"408",1999,26,"Michigan",9.9,"All Ages in Poverty (%)"
"409",1998,26,"Michigan",11.4,"All Ages in Poverty (%)"
"410",1997,26,"Michigan",11.5,"All Ages in Poverty (%)"
"411",1996,26,"Michigan",12.2,"All Ages in Poverty (%)"
"412",1995,26,"Michigan",12.6,"All Ages in Poverty (%)"
"413",1993,26,"Michigan",15,"All Ages in Poverty (%)"
"414",1989,26,"Michigan",12.1,"All Ages in Poverty (%)"
"415",2010,27,"Minnesota",11.5,"All Ages in Poverty (%)"
"416",2009,27,"Minnesota",10.9,"All Ages in Poverty (%)"
"417",2008,27,"Minnesota",9.6,"All Ages in Poverty (%)"
"418",2007,27,"Minnesota",9.5,"All Ages in Poverty (%)"
"419",2006,27,"Minnesota",9.7,"All Ages in Poverty (%)"
"420",2005,27,"Minnesota",9.2,"All Ages in Poverty (%)"
"421",2004,27,"Minnesota",8.1,"All Ages in Poverty (%)"
"422",2003,27,"Minnesota",8,"All Ages in Poverty (%)"
"423",2002,27,"Minnesota",7.5,"All Ages in Poverty (%)"
"424",2001,27,"Minnesota",7.2,"All Ages in Poverty (%)"
"425",2000,27,"Minnesota",6.9,"All Ages in Poverty (%)"
"426",1999,27,"Minnesota",7.5,"All Ages in Poverty (%)"
"427",1998,27,"Minnesota",8.9,"All Ages in Poverty (%)"
"428",1997,27,"Minnesota",8.9,"All Ages in Poverty (%)"
"429",1996,27,"Minnesota",8.8,"All Ages in Poverty (%)"
"430",1995,27,"Minnesota",8.7,"All Ages in Poverty (%)"
"431",1993,27,"Minnesota",10.8,"All Ages in Poverty (%)"
"432",1989,27,"Minnesota",9.6,"All Ages in Poverty (%)"
"433",2010,28,"Mississippi",22.4,"All Ages in Poverty (%)"
"434",2009,28,"Mississippi",21.8,"All Ages in Poverty (%)"
"435",2008,28,"Mississippi",20.8,"All Ages in Poverty (%)"
"436",2007,28,"Mississippi",20.7,"All Ages in Poverty (%)"
"437",2006,28,"Mississippi",20.9,"All Ages in Poverty (%)"
"438",2005,28,"Mississippi",21,"All Ages in Poverty (%)"
"439",2004,28,"Mississippi",19.3,"All Ages in Poverty (%)"
"440",2003,28,"Mississippi",18.3,"All Ages in Poverty (%)"
"441",2002,28,"Mississippi",18.9,"All Ages in Poverty (%)"
"442",2001,28,"Mississippi",19,"All Ages in Poverty (%)"
"443",2000,28,"Mississippi",17.6,"All Ages in Poverty (%)"
"444",1999,28,"Mississippi",18.2,"All Ages in Poverty (%)"
"445",1998,28,"Mississippi",17.6,"All Ages in Poverty (%)"
"446",1997,28,"Mississippi",18.1,"All Ages in Poverty (%)"
"447",1996,28,"Mississippi",20.8,"All Ages in Poverty (%)"
"448",1995,28,"Mississippi",21.4,"All Ages in Poverty (%)"
"449",1993,28,"Mississippi",24.6,"All Ages in Poverty (%)"
"450",1989,28,"Mississippi",24.6,"All Ages in Poverty (%)"
"451",2010,29,"Missouri",15.3,"All Ages in Poverty (%)"
"452",2009,29,"Missouri",14.6,"All Ages in Poverty (%)"
"453",2008,29,"Missouri",13.5,"All Ages in Poverty (%)"
"454",2007,29,"Missouri",13.3,"All Ages in Poverty (%)"
"455",2006,29,"Missouri",13.8,"All Ages in Poverty (%)"
"456",2005,29,"Missouri",13.6,"All Ages in Poverty (%)"
"457",2004,29,"Missouri",13,"All Ages in Poverty (%)"
"458",2003,29,"Missouri",11.6,"All Ages in Poverty (%)"
"459",2002,29,"Missouri",11.3,"All Ages in Poverty (%)"
"460",2001,29,"Missouri",11,"All Ages in Poverty (%)"
"461",2000,29,"Missouri",10.6,"All Ages in Poverty (%)"
"462",1999,29,"Missouri",11.4,"All Ages in Poverty (%)"
"463",1998,29,"Missouri",11.7,"All Ages in Poverty (%)"
"464",1997,29,"Missouri",12.2,"All Ages in Poverty (%)"
"465",1996,29,"Missouri",12.6,"All Ages in Poverty (%)"
"466",1995,29,"Missouri",13.4,"All Ages in Poverty (%)"
"467",1993,29,"Missouri",15.1,"All Ages in Poverty (%)"
"468",1989,29,"Missouri",13,"All Ages in Poverty (%)"
"469",2010,30,"Montana",15.2,"All Ages in Poverty (%)"
"470",2009,30,"Montana",15,"All Ages in Poverty (%)"
"471",2008,30,"Montana",14.1,"All Ages in Poverty (%)"
"472",2007,30,"Montana",14.1,"All Ages in Poverty (%)"
"473",2006,30,"Montana",14.4,"All Ages in Poverty (%)"
"474",2005,30,"Montana",14.6,"All Ages in Poverty (%)"
"475",2004,30,"Montana",13.6,"All Ages in Poverty (%)"
"476",2003,30,"Montana",14.2,"All Ages in Poverty (%)"
"477",2002,30,"Montana",14,"All Ages in Poverty (%)"
"478",2001,30,"Montana",14,"All Ages in Poverty (%)"
"479",2000,30,"Montana",13.3,"All Ages in Poverty (%)"
"480",1999,30,"Montana",14.3,"All Ages in Poverty (%)"
"481",1998,30,"Montana",15.7,"All Ages in Poverty (%)"
"482",1997,30,"Montana",15.5,"All Ages in Poverty (%)"
"483",1996,30,"Montana",15.1,"All Ages in Poverty (%)"
"484",1995,30,"Montana",15.8,"All Ages in Poverty (%)"
"485",1993,30,"Montana",15.2,"All Ages in Poverty (%)"
"486",1989,30,"Montana",15,"All Ages in Poverty (%)"
"487",2010,31,"Nebraska",12.6,"All Ages in Poverty (%)"
"488",2009,31,"Nebraska",12.2,"All Ages in Poverty (%)"
"489",2008,31,"Nebraska",10.8,"All Ages in Poverty (%)"
"490",2007,31,"Nebraska",11.1,"All Ages in Poverty (%)"
"491",2006,31,"Nebraska",11.3,"All Ages in Poverty (%)"
"492",2005,31,"Nebraska",11,"All Ages in Poverty (%)"
"493",2004,31,"Nebraska",10,"All Ages in Poverty (%)"
"494",2003,31,"Nebraska",9.9,"All Ages in Poverty (%)"
"495",2002,31,"Nebraska",10,"All Ages in Poverty (%)"
"496",2001,31,"Nebraska",9.3,"All Ages in Poverty (%)"
"497",2000,31,"Nebraska",8.9,"All Ages in Poverty (%)"
"498",1999,31,"Nebraska",9.7,"All Ages in Poverty (%)"
"499",1998,31,"Nebraska",10.3,"All Ages in Poverty (%)"
"500",1997,31,"Nebraska",9.6,"All Ages in Poverty (%)"
"501",1996,31,"Nebraska",9.4,"All Ages in Poverty (%)"
"502",1995,31,"Nebraska",9.8,"All Ages in Poverty (%)"
"503",1993,31,"Nebraska",10.7,"All Ages in Poverty (%)"
"504",1989,31,"Nebraska",11.1,"All Ages in Poverty (%)"
"505",2010,32,"Nevada",14.8,"All Ages in Poverty (%)"
"506",2009,32,"Nevada",12.4,"All Ages in Poverty (%)"
"507",2008,32,"Nevada",11.2,"All Ages in Poverty (%)"
"508",2007,32,"Nevada",10.6,"All Ages in Poverty (%)"
"509",2006,32,"Nevada",10.5,"All Ages in Poverty (%)"
"510",2005,32,"Nevada",11.1,"All Ages in Poverty (%)"
"511",2004,32,"Nevada",11.1,"All Ages in Poverty (%)"
"512",2003,32,"Nevada",11,"All Ages in Poverty (%)"
"513",2002,32,"Nevada",10.1,"All Ages in Poverty (%)"
"514",2001,32,"Nevada",9.3,"All Ages in Poverty (%)"
"515",2000,32,"Nevada",9.4,"All Ages in Poverty (%)"
"516",1999,32,"Nevada",10.2,"All Ages in Poverty (%)"
"517",1998,32,"Nevada",10.5,"All Ages in Poverty (%)"
"518",1997,32,"Nevada",10.7,"All Ages in Poverty (%)"
"519",1996,32,"Nevada",9.6,"All Ages in Poverty (%)"
"520",1995,32,"Nevada",10.5,"All Ages in Poverty (%)"
"521",1993,32,"Nevada",11.5,"All Ages in Poverty (%)"
"522",1989,32,"Nevada",10,"All Ages in Poverty (%)"
"523",2010,33,"New Hampshire",8.6,"All Ages in Poverty (%)"
"524",2009,33,"New Hampshire",8.6,"All Ages in Poverty (%)"
"525",2008,33,"New Hampshire",7.8,"All Ages in Poverty (%)"
"526",2007,33,"New Hampshire",7.3,"All Ages in Poverty (%)"
"527",2006,33,"New Hampshire",8,"All Ages in Poverty (%)"
"528",2005,33,"New Hampshire",7.6,"All Ages in Poverty (%)"
"529",2004,33,"New Hampshire",6.6,"All Ages in Poverty (%)"
"530",2003,33,"New Hampshire",6.4,"All Ages in Poverty (%)"
"531",2002,33,"New Hampshire",6.3,"All Ages in Poverty (%)"
"532",2001,33,"New Hampshire",6,"All Ages in Poverty (%)"
"533",2000,33,"New Hampshire",5.6,"All Ages in Poverty (%)"
"534",1999,33,"New Hampshire",6.8,"All Ages in Poverty (%)"
"535",1998,33,"New Hampshire",7.5,"All Ages in Poverty (%)"
"536",1997,33,"New Hampshire",7.5,"All Ages in Poverty (%)"
"537",1996,33,"New Hampshire",6.3,"All Ages in Poverty (%)"
"538",1995,33,"New Hampshire",6.9,"All Ages in Poverty (%)"
"539",1993,33,"New Hampshire",8.6,"All Ages in Poverty (%)"
"540",1989,33,"New Hampshire",6.7,"All Ages in Poverty (%)"
"541",2010,34,"New Jersey",10.2,"All Ages in Poverty (%)"
"542",2009,34,"New Jersey",9.4,"All Ages in Poverty (%)"
"543",2008,34,"New Jersey",8.7,"All Ages in Poverty (%)"
"544",2007,34,"New Jersey",8.5,"All Ages in Poverty (%)"
"545",2006,34,"New Jersey",8.7,"All Ages in Poverty (%)"
"546",2005,34,"New Jersey",8.7,"All Ages in Poverty (%)"
"547",2004,34,"New Jersey",8.4,"All Ages in Poverty (%)"
"548",2003,34,"New Jersey",8.9,"All Ages in Poverty (%)"
"549",2002,34,"New Jersey",8.3,"All Ages in Poverty (%)"
"550",2001,34,"New Jersey",7.8,"All Ages in Poverty (%)"
"551",2000,34,"New Jersey",7.8,"All Ages in Poverty (%)"
"552",1999,34,"New Jersey",8.1,"All Ages in Poverty (%)"
"553",1998,34,"New Jersey",8.8,"All Ages in Poverty (%)"
"554",1997,34,"New Jersey",9.3,"All Ages in Poverty (%)"
"555",1996,34,"New Jersey",9,"All Ages in Poverty (%)"
"556",1995,34,"New Jersey",8.7,"All Ages in Poverty (%)"
"557",1993,34,"New Jersey",10,"All Ages in Poverty (%)"
"558",1989,34,"New Jersey",8,"All Ages in Poverty (%)"
"559",2010,35,"New Mexico",19.8,"All Ages in Poverty (%)"
"560",2009,35,"New Mexico",18.2,"All Ages in Poverty (%)"
"561",2008,35,"New Mexico",17,"All Ages in Poverty (%)"
"562",2007,35,"New Mexico",17.9,"All Ages in Poverty (%)"
"563",2006,35,"New Mexico",18.3,"All Ages in Poverty (%)"
"564",2005,35,"New Mexico",18.4,"All Ages in Poverty (%)"
"565",2004,35,"New Mexico",16.7,"All Ages in Poverty (%)"
"566",2003,35,"New Mexico",17.7,"All Ages in Poverty (%)"
"567",2002,35,"New Mexico",17.7,"All Ages in Poverty (%)"
"568",2001,35,"New Mexico",18,"All Ages in Poverty (%)"
"569",2000,35,"New Mexico",17.3,"All Ages in Poverty (%)"
"570",1999,35,"New Mexico",18.2,"All Ages in Poverty (%)"
"571",1998,35,"New Mexico",19,"All Ages in Poverty (%)"
"572",1997,35,"New Mexico",19.3,"All Ages in Poverty (%)"
"573",1996,35,"New Mexico",20.6,"All Ages in Poverty (%)"
"574",1995,35,"New Mexico",20.2,"All Ages in Poverty (%)"
"575",1993,35,"New Mexico",21.6,"All Ages in Poverty (%)"
"576",1989,35,"New Mexico",19,"All Ages in Poverty (%)"
"577",2010,36,"New York",15,"All Ages in Poverty (%)"
"578",2009,36,"New York",14.2,"All Ages in Poverty (%)"
"579",2008,36,"New York",13.7,"All Ages in Poverty (%)"
"580",2007,36,"New York",13.8,"All Ages in Poverty (%)"
"581",2006,36,"New York",14.2,"All Ages in Poverty (%)"
"582",2005,36,"New York",13.9,"All Ages in Poverty (%)"
"583",2004,36,"New York",14.5,"All Ages in Poverty (%)"
"584",2003,36,"New York",14.3,"All Ages in Poverty (%)"
"585",2002,36,"New York",13.9,"All Ages in Poverty (%)"
"586",2001,36,"New York",13.7,"All Ages in Poverty (%)"
"587",2000,36,"New York",13.2,"All Ages in Poverty (%)"
"588",1999,36,"New York",13.7,"All Ages in Poverty (%)"
"589",1998,36,"New York",15.4,"All Ages in Poverty (%)"
"590",1997,36,"New York",15.6,"All Ages in Poverty (%)"
"591",1996,36,"New York",16.3,"All Ages in Poverty (%)"
"592",1995,36,"New York",15.8,"All Ages in Poverty (%)"
"593",1993,36,"New York",16.3,"All Ages in Poverty (%)"
"594",1989,36,"New York",12.3,"All Ages in Poverty (%)"
"595",2010,37,"North Carolina",17.4,"All Ages in Poverty (%)"
"596",2009,37,"North Carolina",16.2,"All Ages in Poverty (%)"
"597",2008,37,"North Carolina",14.6,"All Ages in Poverty (%)"
"598",2007,37,"North Carolina",14.3,"All Ages in Poverty (%)"
"599",2006,37,"North Carolina",14.6,"All Ages in Poverty (%)"
"600",2005,37,"North Carolina",14.9,"All Ages in Poverty (%)"
"601",2004,37,"North Carolina",13.8,"All Ages in Poverty (%)"
"602",2003,37,"North Carolina",13.4,"All Ages in Poverty (%)"
"603",2002,37,"North Carolina",12.9,"All Ages in Poverty (%)"
"604",2001,37,"North Carolina",11.9,"All Ages in Poverty (%)"
"605",2000,37,"North Carolina",11.7,"All Ages in Poverty (%)"
"606",1999,37,"North Carolina",12.3,"All Ages in Poverty (%)"
"607",1998,37,"North Carolina",13,"All Ages in Poverty (%)"
"608",1997,37,"North Carolina",12.6,"All Ages in Poverty (%)"
"609",1996,37,"North Carolina",12.8,"All Ages in Poverty (%)"
"610",1995,37,"North Carolina",13.1,"All Ages in Poverty (%)"
"611",1993,37,"North Carolina",14.1,"All Ages in Poverty (%)"
"612",1989,37,"North Carolina",12.9,"All Ages in Poverty (%)"
"613",2010,38,"North Dakota",12.5,"All Ages in Poverty (%)"
"614",2009,38,"North Dakota",11.7,"All Ages in Poverty (%)"
"615",2008,38,"North Dakota",11.5,"All Ages in Poverty (%)"
"616",2007,38,"North Dakota",11.8,"All Ages in Poverty (%)"
"617",2006,38,"North Dakota",11.7,"All Ages in Poverty (%)"
"618",2005,38,"North Dakota",11.6,"All Ages in Poverty (%)"
"619",2004,38,"North Dakota",10.8,"All Ages in Poverty (%)"
"620",2003,38,"North Dakota",10.5,"All Ages in Poverty (%)"
"621",2002,38,"North Dakota",11.1,"All Ages in Poverty (%)"
"622",2001,38,"North Dakota",11.4,"All Ages in Poverty (%)"
"623",2000,38,"North Dakota",10.4,"All Ages in Poverty (%)"
"624",1999,38,"North Dakota",11.6,"All Ages in Poverty (%)"
"625",1998,38,"North Dakota",12.9,"All Ages in Poverty (%)"
"626",1997,38,"North Dakota",12.5,"All Ages in Poverty (%)"
"627",1996,38,"North Dakota",11.5,"All Ages in Poverty (%)"
"628",1995,38,"North Dakota",11.9,"All Ages in Poverty (%)"
"629",1993,38,"North Dakota",12.5,"All Ages in Poverty (%)"
"630",1989,38,"North Dakota",12.6,"All Ages in Poverty (%)"
"631",2010,39,"Ohio",15.8,"All Ages in Poverty (%)"
"632",2009,39,"Ohio",15.1,"All Ages in Poverty (%)"
"633",2008,39,"Ohio",13.3,"All Ages in Poverty (%)"
"634",2007,39,"Ohio",13.1,"All Ages in Poverty (%)"
"635",2006,39,"Ohio",13.2,"All Ages in Poverty (%)"
"636",2005,39,"Ohio",13,"All Ages in Poverty (%)"
"637",2004,39,"Ohio",11.7,"All Ages in Poverty (%)"
"638",2003,39,"Ohio",10.7,"All Ages in Poverty (%)"
"639",2002,39,"Ohio",10.2,"All Ages in Poverty (%)"
"640",2001,39,"Ohio",10.3,"All Ages in Poverty (%)"
"641",2000,39,"Ohio",9.8,"All Ages in Poverty (%)"
"642",1999,39,"Ohio",11,"All Ages in Poverty (%)"
"643",1998,39,"Ohio",10.7,"All Ages in Poverty (%)"
"644",1997,39,"Ohio",11,"All Ages in Poverty (%)"
"645",1996,39,"Ohio",11.7,"All Ages in Poverty (%)"
"646",1995,39,"Ohio",11.3,"All Ages in Poverty (%)"
"647",1993,39,"Ohio",13.7,"All Ages in Poverty (%)"
"648",1989,39,"Ohio",12.1,"All Ages in Poverty (%)"
"649",2010,40,"Oklahoma",16.8,"All Ages in Poverty (%)"
"650",2009,40,"Oklahoma",16.1,"All Ages in Poverty (%)"
"651",2008,40,"Oklahoma",15.7,"All Ages in Poverty (%)"
"652",2007,40,"Oklahoma",15.8,"All Ages in Poverty (%)"
"653",2006,40,"Oklahoma",16.7,"All Ages in Poverty (%)"
"654",2005,40,"Oklahoma",16.4,"All Ages in Poverty (%)"
"655",2004,40,"Oklahoma",14,"All Ages in Poverty (%)"
"656",2003,40,"Oklahoma",14.7,"All Ages in Poverty (%)"
"657",2002,40,"Oklahoma",14.5,"All Ages in Poverty (%)"
"658",2001,40,"Oklahoma",14.4,"All Ages in Poverty (%)"
"659",2000,40,"Oklahoma",13.8,"All Ages in Poverty (%)"
"660",1999,40,"Oklahoma",13.9,"All Ages in Poverty (%)"
"661",1998,40,"Oklahoma",16.1,"All Ages in Poverty (%)"
"662",1997,40,"Oklahoma",16.3,"All Ages in Poverty (%)"
"663",1996,40,"Oklahoma",17.1,"All Ages in Poverty (%)"
"664",1995,40,"Oklahoma",18.2,"All Ages in Poverty (%)"
"665",1993,40,"Oklahoma",18.3,"All Ages in Poverty (%)"
"666",1989,40,"Oklahoma",16,"All Ages in Poverty (%)"
"667",2010,41,"Oregon",15.8,"All Ages in Poverty (%)"
"668",2009,41,"Oregon",14.3,"All Ages in Poverty (%)"
"669",2008,41,"Oregon",13.5,"All Ages in Poverty (%)"
"670",2007,41,"Oregon",13,"All Ages in Poverty (%)"
"671",2006,41,"Oregon",13.4,"All Ages in Poverty (%)"
"672",2005,41,"Oregon",14.1,"All Ages in Poverty (%)"
"673",2004,41,"Oregon",12.9,"All Ages in Poverty (%)"
"674",2003,41,"Oregon",12,"All Ages in Poverty (%)"
"675",2002,41,"Oregon",11.3,"All Ages in Poverty (%)"
"676",2001,41,"Oregon",11.1,"All Ages in Poverty (%)"
"677",2000,41,"Oregon",10.6,"All Ages in Poverty (%)"
"678",1999,41,"Oregon",11.3,"All Ages in Poverty (%)"
"679",1998,41,"Oregon",12.1,"All Ages in Poverty (%)"
"680",1997,41,"Oregon",11.6,"All Ages in Poverty (%)"
"681",1996,41,"Oregon",12.3,"All Ages in Poverty (%)"
"682",1995,41,"Oregon",12.5,"All Ages in Poverty (%)"
"683",1993,41,"Oregon",13.2,"All Ages in Poverty (%)"
"684",1989,41,"Oregon",12.5,"All Ages in Poverty (%)"
"685",2010,42,"Pennsylvania",13.4,"All Ages in Poverty (%)"
"686",2009,42,"Pennsylvania",12.5,"All Ages in Poverty (%)"
"687",2008,42,"Pennsylvania",12.1,"All Ages in Poverty (%)"
"688",2007,42,"Pennsylvania",11.6,"All Ages in Poverty (%)"
"689",2006,42,"Pennsylvania",12,"All Ages in Poverty (%)"
"690",2005,42,"Pennsylvania",11.9,"All Ages in Poverty (%)"
"691",2004,42,"Pennsylvania",11.2,"All Ages in Poverty (%)"
"692",2003,42,"Pennsylvania",10.6,"All Ages in Poverty (%)"
"693",2002,42,"Pennsylvania",10,"All Ages in Poverty (%)"
"694",2001,42,"Pennsylvania",10,"All Ages in Poverty (%)"
"695",2000,42,"Pennsylvania",9.5,"All Ages in Poverty (%)"
"696",1999,42,"Pennsylvania",10,"All Ages in Poverty (%)"
"697",1998,42,"Pennsylvania",10.7,"All Ages in Poverty (%)"
"698",1997,42,"Pennsylvania",10.9,"All Ages in Poverty (%)"
"699",1996,42,"Pennsylvania",11.5,"All Ages in Poverty (%)"
"700",1995,42,"Pennsylvania",11.4,"All Ages in Poverty (%)"
"701",1993,42,"Pennsylvania",12.9,"All Ages in Poverty (%)"
"702",1989,42,"Pennsylvania",10.4,"All Ages in Poverty (%)"
"703",2010,44,"Rhode Island",14.1,"All Ages in Poverty (%)"
"704",2009,44,"Rhode Island",12,"All Ages in Poverty (%)"
"705",2008,44,"Rhode Island",12.1,"All Ages in Poverty (%)"
"706",2007,44,"Rhode Island",11.9,"All Ages in Poverty (%)"
"707",2006,44,"Rhode Island",11.5,"All Ages in Poverty (%)"
"708",2005,44,"Rhode Island",11.9,"All Ages in Poverty (%)"
"709",2004,44,"Rhode Island",11.6,"All Ages in Poverty (%)"
"710",2003,44,"Rhode Island",11.3,"All Ages in Poverty (%)"
"711",2002,44,"Rhode Island",11,"All Ages in Poverty (%)"
"712",2001,44,"Rhode Island",10.2,"All Ages in Poverty (%)"
"713",2000,44,"Rhode Island",10.2,"All Ages in Poverty (%)"
"714",1999,44,"Rhode Island",10.8,"All Ages in Poverty (%)"
"715",1998,44,"Rhode Island",10.6,"All Ages in Poverty (%)"
"716",1997,44,"Rhode Island",11.2,"All Ages in Poverty (%)"
"717",1996,44,"Rhode Island",11.8,"All Ages in Poverty (%)"
"718",1995,44,"Rhode Island",11.6,"All Ages in Poverty (%)"
"719",1993,44,"Rhode Island",12.4,"All Ages in Poverty (%)"
"720",1989,44,"Rhode Island",9.5,"All Ages in Poverty (%)"
"721",2010,45,"South Carolina",18.1,"All Ages in Poverty (%)"
"722",2009,45,"South Carolina",17.1,"All Ages in Poverty (%)"
"723",2008,45,"South Carolina",15.7,"All Ages in Poverty (%)"
"724",2007,45,"South Carolina",15.1,"All Ages in Poverty (%)"
"725",2006,45,"South Carolina",15.7,"All Ages in Poverty (%)"
"726",2005,45,"South Carolina",15.6,"All Ages in Poverty (%)"
"727",2004,45,"South Carolina",15,"All Ages in Poverty (%)"
"728",2003,45,"South Carolina",13.8,"All Ages in Poverty (%)"
"729",2002,45,"South Carolina",14,"All Ages in Poverty (%)"
"730",2001,45,"South Carolina",13.8,"All Ages in Poverty (%)"
"731",2000,45,"South Carolina",12.8,"All Ages in Poverty (%)"
"732",1999,45,"South Carolina",13.2,"All Ages in Poverty (%)"
"733",1998,45,"South Carolina",14.3,"All Ages in Poverty (%)"
"734",1997,45,"South Carolina",14.9,"All Ages in Poverty (%)"
"735",1996,45,"South Carolina",15.2,"All Ages in Poverty (%)"
"736",1995,45,"South Carolina",15.7,"All Ages in Poverty (%)"
"737",1993,45,"South Carolina",16.6,"All Ages in Poverty (%)"
"738",1989,45,"South Carolina",15.3,"All Ages in Poverty (%)"
"739",2010,46,"South Dakota",14.6,"All Ages in Poverty (%)"
"740",2009,46,"South Dakota",14.2,"All Ages in Poverty (%)"
"741",2008,46,"South Dakota",12.7,"All Ages in Poverty (%)"
"742",2007,46,"South Dakota",13.2,"All Ages in Poverty (%)"
"743",2006,46,"South Dakota",13.6,"All Ages in Poverty (%)"
"744",2005,46,"South Dakota",13.6,"All Ages in Poverty (%)"
"745",2004,46,"South Dakota",12.9,"All Ages in Poverty (%)"
"746",2003,46,"South Dakota",12.3,"All Ages in Poverty (%)"
"747",2002,46,"South Dakota",12.4,"All Ages in Poverty (%)"
"748",2001,46,"South Dakota",11.7,"All Ages in Poverty (%)"
"749",2000,46,"South Dakota",11.4,"All Ages in Poverty (%)"
"750",1999,46,"South Dakota",11.7,"All Ages in Poverty (%)"
"751",1998,46,"South Dakota",13,"All Ages in Poverty (%)"
"752",1997,46,"South Dakota",14,"All Ages in Poverty (%)"
"753",1996,46,"South Dakota",13,"All Ages in Poverty (%)"
"754",1995,46,"South Dakota",13.7,"All Ages in Poverty (%)"
"755",1993,46,"South Dakota",14.3,"All Ages in Poverty (%)"
"756",1989,46,"South Dakota",14.8,"All Ages in Poverty (%)"
"757",2010,47,"Tennessee",17.8,"All Ages in Poverty (%)"
"758",2009,47,"Tennessee",17.2,"All Ages in Poverty (%)"
"759",2008,47,"Tennessee",15.5,"All Ages in Poverty (%)"
"760",2007,47,"Tennessee",15.8,"All Ages in Poverty (%)"
"761",2006,47,"Tennessee",16.1,"All Ages in Poverty (%)"
"762",2005,47,"Tennessee",15.6,"All Ages in Poverty (%)"
"763",2004,47,"Tennessee",15,"All Ages in Poverty (%)"
"764",2003,47,"Tennessee",13.5,"All Ages in Poverty (%)"
"765",2002,47,"Tennessee",13.6,"All Ages in Poverty (%)"
"766",2001,47,"Tennessee",13.2,"All Ages in Poverty (%)"
"767",2000,47,"Tennessee",12.6,"All Ages in Poverty (%)"
"768",1999,47,"Tennessee",12.8,"All Ages in Poverty (%)"
"769",1998,47,"Tennessee",13.1,"All Ages in Poverty (%)"
"770",1997,47,"Tennessee",13.6,"All Ages in Poverty (%)"
"771",1996,47,"Tennessee",14.8,"All Ages in Poverty (%)"
"772",1995,47,"Tennessee",14.7,"All Ages in Poverty (%)"
"773",1993,47,"Tennessee",17.8,"All Ages in Poverty (%)"
"774",1989,47,"Tennessee",15.6,"All Ages in Poverty (%)"
"775",2010,48,"Texas",17.9,"All Ages in Poverty (%)"
"776",2009,48,"Texas",17.1,"All Ages in Poverty (%)"
"777",2008,48,"Texas",15.8,"All Ages in Poverty (%)"
"778",2007,48,"Texas",16.3,"All Ages in Poverty (%)"
"779",2006,48,"Texas",16.9,"All Ages in Poverty (%)"
"780",2005,48,"Texas",17.5,"All Ages in Poverty (%)"
"781",2004,48,"Texas",16.2,"All Ages in Poverty (%)"
"782",2003,48,"Texas",16.2,"All Ages in Poverty (%)"
"783",2002,48,"Texas",15.4,"All Ages in Poverty (%)"
"784",2001,48,"Texas",15,"All Ages in Poverty (%)"
"785",2000,48,"Texas",14.6,"All Ages in Poverty (%)"
"786",1999,48,"Texas",15.1,"All Ages in Poverty (%)"
"787",1998,48,"Texas",15.6,"All Ages in Poverty (%)"
"788",1997,48,"Texas",16.7,"All Ages in Poverty (%)"
"789",1996,48,"Texas",17.5,"All Ages in Poverty (%)"
"790",1995,48,"Texas",18.5,"All Ages in Poverty (%)"
"791",1993,48,"Texas",19.6,"All Ages in Poverty (%)"
"792",1989,48,"Texas",17.7,"All Ages in Poverty (%)"
"793",2010,49,"Utah",13.3,"All Ages in Poverty (%)"
"794",2009,49,"Utah",11.7,"All Ages in Poverty (%)"
"795",2008,49,"Utah",9.7,"All Ages in Poverty (%)"
"796",2007,49,"Utah",9.8,"All Ages in Poverty (%)"
"797",2006,49,"Utah",10.7,"All Ages in Poverty (%)"
"798",2005,49,"Utah",10.5,"All Ages in Poverty (%)"
"799",2004,49,"Utah",10.3,"All Ages in Poverty (%)"
"800",2003,49,"Utah",10,"All Ages in Poverty (%)"
"801",2002,49,"Utah",9.7,"All Ages in Poverty (%)"
"802",2001,49,"Utah",9.4,"All Ages in Poverty (%)"
"803",2000,49,"Utah",8.8,"All Ages in Poverty (%)"
"804",1999,49,"Utah",8.5,"All Ages in Poverty (%)"
"805",1998,49,"Utah",10,"All Ages in Poverty (%)"
"806",1997,49,"Utah",10,"All Ages in Poverty (%)"
"807",1996,49,"Utah",9.4,"All Ages in Poverty (%)"
"808",1995,49,"Utah",9.7,"All Ages in Poverty (%)"
"809",1993,49,"Utah",11.2,"All Ages in Poverty (%)"
"810",1989,49,"Utah",11.8,"All Ages in Poverty (%)"
"811",2010,50,"Vermont",12.4,"All Ages in Poverty (%)"
"812",2009,50,"Vermont",11.5,"All Ages in Poverty (%)"
"813",2008,50,"Vermont",10.4,"All Ages in Poverty (%)"
"814",2007,50,"Vermont",10.1,"All Ages in Poverty (%)"
"815",2006,50,"Vermont",10.2,"All Ages in Poverty (%)"
"816",2005,50,"Vermont",10.4,"All Ages in Poverty (%)"
"817",2004,50,"Vermont",8.7,"All Ages in Poverty (%)"
"818",2003,50,"Vermont",9.2,"All Ages in Poverty (%)"
"819",2002,50,"Vermont",9.3,"All Ages in Poverty (%)"
"820",2001,50,"Vermont",8.9,"All Ages in Poverty (%)"
"821",2000,50,"Vermont",8.8,"All Ages in Poverty (%)"
"822",1999,50,"Vermont",9.3,"All Ages in Poverty (%)"
"823",1998,50,"Vermont",9.6,"All Ages in Poverty (%)"
"824",1997,50,"Vermont",9.7,"All Ages in Poverty (%)"
"825",1996,50,"Vermont",11,"All Ages in Poverty (%)"
"826",1995,50,"Vermont",11.2,"All Ages in Poverty (%)"
"827",1993,50,"Vermont",12.2,"All Ages in Poverty (%)"
"828",1989,50,"Vermont",9.9,"All Ages in Poverty (%)"
"829",2010,51,"Virginia",11.1,"All Ages in Poverty (%)"
"830",2009,51,"Virginia",10.6,"All Ages in Poverty (%)"
"831",2008,51,"Virginia",10.2,"All Ages in Poverty (%)"
"832",2007,51,"Virginia",9.9,"All Ages in Poverty (%)"
"833",2006,51,"Virginia",9.6,"All Ages in Poverty (%)"
"834",2005,51,"Virginia",10,"All Ages in Poverty (%)"
"835",2004,51,"Virginia",9.5,"All Ages in Poverty (%)"
"836",2003,51,"Virginia",10,"All Ages in Poverty (%)"
"837",2002,51,"Virginia",9.6,"All Ages in Poverty (%)"
"838",2001,51,"Virginia",8.8,"All Ages in Poverty (%)"
"839",2000,51,"Virginia",8.9,"All Ages in Poverty (%)"
"840",1999,51,"Virginia",9,"All Ages in Poverty (%)"
"841",1998,51,"Virginia",10.2,"All Ages in Poverty (%)"
"842",1997,51,"Virginia",11.6,"All Ages in Poverty (%)"
"843",1996,51,"Virginia",11.5,"All Ages in Poverty (%)"
"844",1995,51,"Virginia",11.3,"All Ages in Poverty (%)"
"845",1993,51,"Virginia",12,"All Ages in Poverty (%)"
"846",1989,51,"Virginia",10.5,"All Ages in Poverty (%)"
"847",2010,53,"Washington",13.5,"All Ages in Poverty (%)"
"848",2009,53,"Washington",12.3,"All Ages in Poverty (%)"
"849",2008,53,"Washington",11.3,"All Ages in Poverty (%)"
"850",2007,53,"Washington",11.4,"All Ages in Poverty (%)"
"851",2006,53,"Washington",11.8,"All Ages in Poverty (%)"
"852",2005,53,"Washington",12,"All Ages in Poverty (%)"
"853",2004,53,"Washington",11.6,"All Ages in Poverty (%)"
"854",2003,53,"Washington",11,"All Ages in Poverty (%)"
"855",2002,53,"Washington",10.3,"All Ages in Poverty (%)"
"856",2001,53,"Washington",9.9,"All Ages in Poverty (%)"
"857",2000,53,"Washington",9.6,"All Ages in Poverty (%)"
"858",1999,53,"Washington",9.9,"All Ages in Poverty (%)"
"859",1998,53,"Washington",9.9,"All Ages in Poverty (%)"
"860",1997,53,"Washington",10.2,"All Ages in Poverty (%)"
"861",1996,53,"Washington",11.5,"All Ages in Poverty (%)"
"862",1995,53,"Washington",10.8,"All Ages in Poverty (%)"
"863",1993,53,"Washington",12,"All Ages in Poverty (%)"
"864",1989,53,"Washington",11,"All Ages in Poverty (%)"
"865",2010,54,"West Virginia",18.2,"All Ages in Poverty (%)"
"866",2009,54,"West Virginia",17.8,"All Ages in Poverty (%)"
"867",2008,54,"West Virginia",17.4,"All Ages in Poverty (%)"
"868",2007,54,"West Virginia",17.1,"All Ages in Poverty (%)"
"869",2006,54,"West Virginia",17.6,"All Ages in Poverty (%)"
"870",2005,54,"West Virginia",18,"All Ages in Poverty (%)"
"871",2004,54,"West Virginia",16.2,"All Ages in Poverty (%)"
"872",2003,54,"West Virginia",16.3,"All Ages in Poverty (%)"
"873",2002,54,"West Virginia",16.1,"All Ages in Poverty (%)"
"874",2001,54,"West Virginia",16.7,"All Ages in Poverty (%)"
"875",2000,54,"West Virginia",15.5,"All Ages in Poverty (%)"
"876",1999,54,"West Virginia",16.3,"All Ages in Poverty (%)"
"877",1998,54,"West Virginia",16.8,"All Ages in Poverty (%)"
"878",1997,54,"West Virginia",16.8,"All Ages in Poverty (%)"
"879",1996,54,"West Virginia",19.9,"All Ages in Poverty (%)"
"880",1995,54,"West Virginia",19.9,"All Ages in Poverty (%)"
"881",1993,54,"West Virginia",21.7,"All Ages in Poverty (%)"
"882",1989,54,"West Virginia",17.2,"All Ages in Poverty (%)"
"883",2010,55,"Wisconsin",13.2,"All Ages in Poverty (%)"
"884",2009,55,"Wisconsin",12.4,"All Ages in Poverty (%)"
"885",2008,55,"Wisconsin",10.5,"All Ages in Poverty (%)"
"886",2007,55,"Wisconsin",10.8,"All Ages in Poverty (%)"
"887",2006,55,"Wisconsin",10.9,"All Ages in Poverty (%)"
"888",2005,55,"Wisconsin",10.2,"All Ages in Poverty (%)"
"889",2004,55,"Wisconsin",10.9,"All Ages in Poverty (%)"
"890",2003,55,"Wisconsin",8.9,"All Ages in Poverty (%)"
"891",2002,55,"Wisconsin",8.5,"All Ages in Poverty (%)"
"892",2001,55,"Wisconsin",8.1,"All Ages in Poverty (%)"
"893",2000,55,"Wisconsin",8.1,"All Ages in Poverty (%)"
"894",1999,55,"Wisconsin",8.4,"All Ages in Poverty (%)"
"895",1998,55,"Wisconsin",8.9,"All Ages in Poverty (%)"
"896",1997,55,"Wisconsin",9.2,"All Ages in Poverty (%)"
"897",1996,55,"Wisconsin",8.7,"All Ages in Poverty (%)"
"898",1995,55,"Wisconsin",8.9,"All Ages in Poverty (%)"
"899",1993,55,"Wisconsin",10.9,"All Ages in Poverty (%)"
"900",1989,55,"Wisconsin",9.6,"All Ages in Poverty (%)"
"901",2010,56,"Wyoming",11.4,"All Ages in Poverty (%)"
"902",2009,56,"Wyoming",10.2,"All Ages in Poverty (%)"
"903",2008,56,"Wyoming",9.5,"All Ages in Poverty (%)"
"904",2007,56,"Wyoming",9.5,"All Ages in Poverty (%)"
"905",2006,56,"Wyoming",10.3,"All Ages in Poverty (%)"
"906",2005,56,"Wyoming",10.6,"All Ages in Poverty (%)"
"907",2004,56,"Wyoming",10.3,"All Ages in Poverty (%)"
"908",2003,56,"Wyoming",10.8,"All Ages in Poverty (%)"
"909",2002,56,"Wyoming",10.6,"All Ages in Poverty (%)"
"910",2001,56,"Wyoming",10.5,"All Ages in Poverty (%)"
"911",2000,56,"Wyoming",10.4,"All Ages in Poverty (%)"
"912",1999,56,"Wyoming",11.2,"All Ages in Poverty (%)"
"913",1998,56,"Wyoming",11.4,"All Ages in Poverty (%)"
"914",1997,56,"Wyoming",12,"All Ages in Poverty (%)"
"915",1996,56,"Wyoming",11.1,"All Ages in Poverty (%)"
"916",1995,56,"Wyoming",11.5,"All Ages in Poverty (%)"
"917",1993,56,"Wyoming",11.9,"All Ages in Poverty (%)"
"918",1989,56,"Wyoming",11.6,"All Ages in Poverty (%)"
